cohort_month,acquisition_channel_id,cohort_month_index,cohort_starting_customers,active_retained_customers,retention_rate,period_net_margin,cumulative_net_margin,channel_cac,cumulative_margin_ltv,net_capital_recovery_dollars,cumulative_ltv_to_cac_ratio,payback_status
2024-03-01,organic_search,0,48,48,1.0,2717.71,2717.71,0.0,56.62,2717.71,,Organic / Pure Profit
2024-03-01,organic_search,1,48,3,0.0625,175.71,2893.42,0.0,60.28,2893.42,,Organic / Pure Profit
2024-03-01,organic_search,2,48,4,0.0833,149.04,3042.46,0.0,63.38,3042.46,,Organic / Pure Profit
2024-03-01,organic_search,3,48,2,0.0417,149.74,3192.20,0.0,66.5,3192.2,,Organic / Pure Profit
2024-03-01,organic_search,4,48,2,0.0417,118.00,3310.20,0.0,68.96,3310.2,,Organic / Pure Profit
2024-05-01,creator_network,0,57,57,1.0,2300.35,2300.35,31.09,40.36,528.2199999999998,1.3,Breakeven / Recovered
2024-05-01,creator_network,1,57,4,0.0702,120.29,2420.64,31.09,42.47,648.5099999999998,1.37,Breakeven / Recovered
2024-05-01,creator_network,2,57,4,0.0702,143.33,2563.97,31.09,44.98,791.8399999999997,1.45,Breakeven / Recovered
2024-05-01,creator_network,3,57,1,0.0175,46.60,2610.57,31.09,45.8,838.44,1.47,Breakeven / Recovered
2024-07-01,organic_search,0,52,52,1.0,2204.75,2204.75,0.0,42.4,2204.75,,Organic / Pure Profit
2024-07-01,organic_search,1,52,2,0.0385,161.86,2366.61,0.0,45.51,2366.61,,Organic / Pure Profit
2024-07-01,organic_search,2,52,2,0.0385,83.42,2450.03,0.0,47.12,2450.03,,Organic / Pure Profit
2024-07-01,organic_search,3,52,2,0.0385,131.40,2581.43,0.0,49.64,2581.43,,Organic / Pure Profit
2024-07-01,organic_search,5,52,1,0.0192,-34.51,2546.92,0.0,48.98,2546.92,,Organic / Pure Profit
2024-08-01,organic_search,0,65,65,1.0,2892.17,2892.17,0.0,44.49,2892.17,,Organic / Pure Profit
2024-08-01,organic_search,1,65,5,0.0769,229.55,3121.72,0.0,48.03,3121.72,,Organic / Pure Profit
2024-08-01,organic_search,2,65,5,0.0769,314.64,3436.36,0.0,52.87,3436.36,,Organic / Pure Profit
2024-08-01,organic_search,6,65,1,0.0154,20.13,3456.49,0.0,53.18,3456.49,,Organic / Pure Profit
2024-08-01,organic_search,8,65,1,0.0154,63.40,3519.89,0.0,54.15,3519.89,,Organic / Pure Profit
2024-09-01,creator_network,0,74,74,1.0,2563.65,2563.65,34.79,34.64,-10.809999999999945,1.0,Unrecovered Capital
2024-09-01,creator_network,1,74,4,0.0541,152.16,2715.81,34.79,36.7,141.3499999999999,1.05,Breakeven / Recovered
2024-09-01,creator_network,3,74,2,0.027,155.70,2871.51,34.79,38.8,297.0500000000002,1.12,Breakeven / Recovered
2024-10-01,direct,0,35,35,1.0,1993.34,1993.34,0.0,56.95,1993.34,,Organic / Pure Profit
2024-10-01,direct,1,35,2,0.0571,91.17,2084.51,0.0,59.56,2084.51,,Organic / Pure Profit
2024-10-01,direct,2,35,2,0.0571,119.39,2203.90,0.0,62.97,2203.9,,Organic / Pure Profit
2024-10-01,direct,3,35,1,0.0286,63.51,2267.41,0.0,64.78,2267.41,,Organic / Pure Profit
2024-12-01,organic_search,0,52,52,1.0,2358.90,2358.90,0.0,45.36,2358.9,,Organic / Pure Profit
2024-12-01,organic_search,1,52,1,0.0192,72.87,2431.77,0.0,46.76,2431.77,,Organic / Pure Profit
2024-12-01,organic_search,2,52,5,0.0962,254.07,2685.84,0.0,51.65,2685.84,,Organic / Pure Profit
2024-12-01,organic_search,3,52,2,0.0385,180.14,2865.98,0.0,55.12,2865.98,,Organic / Pure Profit
2024-12-01,organic_search,4,52,1,0.0192,62.12,2928.10,0.0,56.31,2928.1,,Organic / Pure Profit
2024-12-01,organic_search,5,52,2,0.0385,121.07,3049.17,0.0,58.64,3049.17,,Organic / Pure Profit
2024-12-01,organic_search,6,52,1,0.0192,-27.30,3021.87,0.0,58.11,3021.87,,Organic / Pure Profit
2025-02-01,direct,0,47,47,1.0,2427.64,2427.64,0.0,51.65,2427.64,,Organic / Pure Profit
2025-02-01,direct,1,47,5,0.1064,261.08,2688.72,0.0,57.21,2688.72,,Organic / Pure Profit
2025-02-01,direct,2,47,3,0.0638,191.08,2879.80,0.0,61.27,2879.8,,Organic / Pure Profit
2025-07-01,creator_network,0,93,93,1.0,2779.99,2779.99,32.12,29.89,-207.17000000000007,0.93,Unrecovered Capital
2025-07-01,creator_network,1,93,8,0.086,296.85,3076.84,32.12,33.08,89.68000000000029,1.03,Breakeven / Recovered
2025-07-01,creator_network,2,93,5,0.0538,125.42,3202.26,32.12,34.43,215.10000000000036,1.07,Breakeven / Recovered
2025-07-01,creator_network,3,93,3,0.0323,131.10,3333.36,32.12,35.84,346.2000000000003,1.12,Breakeven / Recovered
2025-09-01,organic_search,0,78,78,1.0,3988.47,3988.47,0.0,51.13,3988.47,,Organic / Pure Profit
2025-09-01,organic_search,1,78,5,0.0641,189.16,4177.63,0.0,53.56,4177.63,,Organic / Pure Profit
2025-09-01,organic_search,2,78,5,0.0641,279.63,4457.26,0.0,57.14,4457.26,,Organic / Pure Profit
2025-09-01,organic_search,3,78,2,0.0256,54.92,4512.18,0.0,57.85,4512.18,,Organic / Pure Profit
2025-11-01,organic_search,0,74,74,1.0,3819.49,3819.49,0.0,51.61,3819.49,,Organic / Pure Profit
2025-11-01,organic_search,1,74,6,0.0811,324.12,4143.61,0.0,55.99,4143.61,,Organic / Pure Profit
2024-02-01,google_ads,0,123,123,1.0,6743.14,6743.14,42.74,54.82,1486.12,1.28,Breakeven / Recovered
2024-02-01,google_ads,1,123,8,0.065,434.09,7177.23,42.74,58.35,1920.2099999999991,1.37,Breakeven / Recovered
2024-02-01,google_ads,2,123,5,0.0407,68.04,7245.27,42.74,58.9,1988.25,1.38,Breakeven / Recovered
2024-02-01,google_ads,3,123,3,0.0244,171.84,7417.11,42.74,60.3,2160.0899999999992,1.41,Breakeven / Recovered
2024-02-01,google_ads,4,123,1,0.0081,35.51,7452.62,42.74,60.59,2195.5999999999995,1.42,Breakeven / Recovered
2024-02-01,google_ads,6,123,1,0.0081,62.78,7515.40,42.74,61.1,2258.379999999999,1.43,Breakeven / Recovered
2024-02-01,meta_ads,0,138,138,1.0,5792.51,5792.51,39.48,41.97,344.27000000000044,1.06,Breakeven / Recovered
2024-02-01,meta_ads,1,138,12,0.087,508.72,6301.23,39.48,45.66,852.9899999999998,1.16,Breakeven / Recovered
2024-02-01,meta_ads,2,138,3,0.0217,137.12,6438.35,39.48,46.65,990.1100000000006,1.18,Breakeven / Recovered
2024-02-01,meta_ads,3,138,3,0.0217,121.46,6559.81,39.48,47.53,1111.5700000000006,1.2,Breakeven / Recovered
2024-02-01,meta_ads,4,138,2,0.0145,93.79,6653.60,39.48,48.21,1205.3600000000006,1.22,Breakeven / Recovered
2024-02-01,meta_ads,6,138,1,0.0072,54.69,6708.29,39.48,48.61,1260.0500000000002,1.23,Breakeven / Recovered
2024-06-01,direct,0,33,33,1.0,1867.15,1867.15,0.0,56.58,1867.15,,Organic / Pure Profit
2024-06-01,direct,1,33,2,0.0606,67.16,1934.31,0.0,58.62,1934.31,,Organic / Pure Profit
2024-06-01,direct,2,33,2,0.0606,85.30,2019.61,0.0,61.2,2019.61,,Organic / Pure Profit
2024-06-01,direct,5,33,1,0.0303,125.09,2144.70,0.0,64.99,2144.7,,Organic / Pure Profit
2025-03-01,creator_network,0,84,84,1.0,2434.76,2434.76,30.13,28.99,-96.15999999999985,0.96,Unrecovered Capital
2025-03-01,creator_network,1,84,5,0.0595,216.97,2651.73,30.13,31.57,120.80999999999995,1.05,Breakeven / Recovered
2025-03-01,creator_network,2,84,8,0.0952,306.94,2958.67,30.13,35.22,427.75,1.17,Breakeven / Recovered
2025-03-01,creator_network,3,84,4,0.0476,189.79,3148.46,30.13,37.48,617.54,1.24,Breakeven / Recovered
2025-03-01,creator_network,5,84,1,0.0119,-21.77,3126.69,30.13,37.22,595.77,1.24,Breakeven / Recovered
2025-04-01,direct,0,55,55,1.0,2939.60,2939.60,0.0,53.45,2939.6,,Organic / Pure Profit
2025-04-01,direct,1,55,5,0.0909,326.52,3266.12,0.0,59.38,3266.12,,Organic / Pure Profit
2025-04-01,direct,2,55,2,0.0364,35.19,3301.31,0.0,60.02,3301.31,,Organic / Pure Profit
2025-04-01,direct,3,55,2,0.0364,97.10,3398.41,0.0,61.79,3398.41,,Organic / Pure Profit
2025-04-01,direct,6,55,1,0.0182,64.31,3462.72,0.0,62.96,3462.72,,Organic / Pure Profit
2025-06-01,creator_network,0,77,77,1.0,2405.23,2405.23,34.2,31.24,-228.17000000000007,0.91,Unrecovered Capital
2025-06-01,creator_network,1,77,6,0.0779,199.81,2605.04,34.2,33.83,-28.360000000000127,0.99,Unrecovered Capital
2025-06-01,creator_network,3,77,5,0.0649,104.62,2709.66,34.2,35.19,76.25999999999976,1.03,Breakeven / Recovered
2025-06-01,creator_network,4,77,1,0.013,45.40,2755.06,34.2,35.78,121.65999999999985,1.05,Breakeven / Recovered
2025-06-01,creator_network,5,77,1,0.013,12.46,2767.52,34.2,35.94,134.1199999999999,1.05,Breakeven / Recovered
2024-05-01,google_ads,0,124,124,1.0,7099.72,7099.72,43.4,57.26,1718.12,1.32,Breakeven / Recovered
2024-05-01,google_ads,1,124,8,0.0645,512.87,7612.59,43.4,61.39,2230.99,1.41,Breakeven / Recovered
2024-05-01,google_ads,2,124,2,0.0161,145.54,7758.13,43.4,62.57,2376.5299999999997,1.44,Breakeven / Recovered
2024-05-01,google_ads,3,124,2,0.0161,100.85,7858.98,43.4,63.38,2477.379999999999,1.46,Breakeven / Recovered
2024-05-01,google_ads,4,124,1,0.0081,65.26,7924.24,43.4,63.91,2542.6399999999994,1.47,Breakeven / Recovered
2024-05-01,google_ads,5,124,1,0.0081,45.31,7969.55,43.4,64.27,2587.95,1.48,Breakeven / Recovered
2024-05-01,meta_ads,0,160,160,1.0,7072.73,7072.73,39.55,44.2,744.7299999999996,1.12,Breakeven / Recovered
2024-05-01,meta_ads,1,160,15,0.0938,580.26,7652.99,39.55,47.83,1324.9899999999998,1.21,Breakeven / Recovered
2024-05-01,meta_ads,2,160,4,0.025,219.50,7872.49,39.55,49.2,1544.4899999999998,1.24,Breakeven / Recovered
2024-05-01,meta_ads,3,160,3,0.0188,271.44,8143.93,39.55,50.9,1815.9300000000003,1.29,Breakeven / Recovered
2024-05-01,meta_ads,4,160,2,0.0125,-7.03,8136.90,39.55,50.86,1808.8999999999996,1.29,Breakeven / Recovered
2024-05-01,meta_ads,5,160,2,0.0125,35.11,8172.01,39.55,51.08,1844.0100000000002,1.29,Breakeven / Recovered
2024-09-01,google_ads,0,127,127,1.0,7096.47,7096.47,49.99,55.88,747.7400000000007,1.12,Breakeven / Recovered
2024-09-01,google_ads,1,127,13,0.1024,811.73,7908.20,49.99,62.27,1559.4700000000003,1.25,Breakeven / Recovered
2024-09-01,google_ads,2,127,6,0.0472,352.94,8261.14,49.99,65.05,1912.4099999999999,1.3,Breakeven / Recovered
2024-09-01,google_ads,3,127,3,0.0236,206.82,8467.96,49.99,66.68,2119.2299999999996,1.33,Breakeven / Recovered
2024-09-01,google_ads,4,127,1,0.0079,75.59,8543.55,49.99,67.27,2194.8199999999997,1.35,Breakeven / Recovered
2024-09-01,google_ads,5,127,1,0.0079,76.59,8620.14,49.99,67.88,2271.41,1.36,Breakeven / Recovered
2024-09-01,meta_ads,0,193,193,1.0,7958.64,7958.64,38.28,41.24,570.6000000000004,1.08,Breakeven / Recovered
2024-09-01,meta_ads,1,193,14,0.0725,577.86,8536.50,38.28,44.23,1148.46,1.16,Breakeven / Recovered
2024-09-01,meta_ads,2,193,7,0.0363,214.30,8750.80,38.28,45.34,1362.7599999999993,1.18,Breakeven / Recovered
2024-09-01,meta_ads,3,193,4,0.0207,220.99,8971.79,38.28,46.49,1583.750000000001,1.21,Breakeven / Recovered
2024-09-01,meta_ads,4,193,3,0.0155,28.89,9000.68,38.28,46.64,1612.6400000000003,1.22,Breakeven / Recovered
2024-09-01,meta_ads,5,193,3,0.0155,199.31,9199.99,38.28,47.67,1811.9499999999998,1.25,Breakeven / Recovered
2024-09-01,meta_ads,7,193,1,0.0052,60.37,9260.36,38.28,47.98,1872.3200000000006,1.25,Breakeven / Recovered
2025-05-01,organic_search,0,77,77,1.0,4158.44,4158.44,0.0,54.01,4158.44,,Organic / Pure Profit
2025-05-01,organic_search,1,77,10,0.1299,609.50,4767.94,0.0,61.92,4767.94,,Organic / Pure Profit
2025-05-01,organic_search,2,77,4,0.0519,261.49,5029.43,0.0,65.32,5029.43,,Organic / Pure Profit
2025-05-01,organic_search,3,77,1,0.013,82.33,5111.76,0.0,66.39,5111.76,,Organic / Pure Profit
2025-05-01,organic_search,4,77,1,0.013,47.95,5159.71,0.0,67.01,5159.71,,Organic / Pure Profit
2025-07-01,google_ads,0,153,153,1.0,8415.60,8415.60,46.89,55.0,1241.4300000000003,1.17,Breakeven / Recovered
2025-07-01,google_ads,1,153,15,0.098,642.07,9057.67,46.89,59.2,1883.5,1.26,Breakeven / Recovered
2025-07-01,google_ads,2,153,4,0.0261,245.25,9302.92,46.89,60.8,2128.75,1.3,Breakeven / Recovered
2025-07-01,google_ads,3,153,3,0.0196,112.12,9415.04,46.89,61.54,2240.870000000001,1.31,Breakeven / Recovered
2025-07-01,google_ads,4,153,1,0.0065,66.21,9481.25,46.89,61.97,2307.08,1.32,Breakeven / Recovered
2025-07-01,meta_ads,0,226,226,1.0,9073.07,9073.07,37.42,40.15,616.1499999999996,1.07,Breakeven / Recovered
2025-07-01,meta_ads,1,226,22,0.0973,939.25,10012.32,37.42,44.3,1555.3999999999996,1.18,Breakeven / Recovered
2025-07-01,meta_ads,2,226,16,0.0708,495.88,10508.20,37.42,46.5,2051.2800000000007,1.24,Breakeven / Recovered
2025-07-01,meta_ads,3,226,10,0.0442,409.52,10917.72,37.42,48.31,2460.7999999999993,1.29,Breakeven / Recovered
2025-07-01,meta_ads,4,226,3,0.0133,44.34,10962.06,37.42,48.5,2505.1399999999994,1.3,Breakeven / Recovered
2025-07-01,meta_ads,5,226,2,0.0088,78.93,11040.99,37.42,48.85,2584.0699999999997,1.31,Breakeven / Recovered
2025-10-01,direct,0,55,55,1.0,3247.21,3247.21,0.0,59.04,3247.21,,Organic / Pure Profit
2025-10-01,direct,1,55,3,0.0545,216.35,3463.56,0.0,62.97,3463.56,,Organic / Pure Profit
2025-10-01,direct,2,55,2,0.0364,152.14,3615.70,0.0,65.74,3615.7,,Organic / Pure Profit
2024-01-01,organic_search,0,48,48,1.0,2623.64,2623.64,0.0,54.66,2623.64,,Organic / Pure Profit
2024-01-01,organic_search,1,48,5,0.1042,246.07,2869.71,0.0,59.79,2869.71,,Organic / Pure Profit
2024-01-01,organic_search,2,48,3,0.0625,56.16,2925.87,0.0,60.96,2925.87,,Organic / Pure Profit
2024-02-01,direct,0,26,26,1.0,1549.67,1549.67,0.0,59.6,1549.67,,Organic / Pure Profit
2024-02-01,direct,1,26,1,0.0385,75.67,1625.34,0.0,62.51,1625.34,,Organic / Pure Profit
2024-02-01,direct,2,26,1,0.0385,100.66,1726.00,0.0,66.38,1726.0,,Organic / Pure Profit
2024-02-01,direct,4,26,1,0.0385,67.10,1793.10,0.0,68.97,1793.1,,Organic / Pure Profit
2024-02-01,direct,7,26,1,0.0385,75.72,1868.82,0.0,71.88,1868.82,,Organic / Pure Profit
2024-04-01,creator_network,0,65,65,1.0,2370.26,2370.26,34.86,36.47,104.36000000000013,1.05,Breakeven / Recovered
2024-04-01,creator_network,1,65,4,0.0615,117.42,2487.68,34.86,38.27,221.77999999999975,1.1,Breakeven / Recovered
2024-04-01,creator_network,2,65,3,0.0462,180.59,2668.27,34.86,41.05,402.3699999999999,1.18,Breakeven / Recovered
2024-04-01,creator_network,3,65,1,0.0154,35.20,2703.47,34.86,41.59,437.5699999999997,1.19,Breakeven / Recovered
2024-06-01,google_ads,0,114,114,1.0,6749.33,6749.33,44.07,59.2,1725.3500000000004,1.34,Breakeven / Recovered
2024-06-01,google_ads,1,114,8,0.0702,482.61,7231.94,44.07,63.44,2207.96,1.44,Breakeven / Recovered
2024-06-01,google_ads,2,114,1,0.0088,90.32,7322.26,44.07,64.23,2298.2800000000007,1.46,Breakeven / Recovered
2024-06-01,google_ads,3,114,4,0.0351,206.17,7528.43,44.07,66.04,2504.4500000000007,1.5,Breakeven / Recovered
2024-06-01,google_ads,5,114,1,0.0088,47.00,7575.43,44.07,66.45,2551.4500000000007,1.51,Breakeven / Recovered
2024-06-01,meta_ads,0,155,155,1.0,5889.74,5889.74,38.51,38.0,-79.3100000000004,0.99,Unrecovered Capital
2024-06-01,meta_ads,1,155,14,0.0903,625.74,6515.48,38.51,42.04,546.4299999999994,1.09,Breakeven / Recovered
2024-06-01,meta_ads,2,155,6,0.0387,271.13,6786.61,38.51,43.78,817.5599999999995,1.14,Breakeven / Recovered
2024-06-01,meta_ads,3,155,2,0.0129,104.52,6891.13,38.51,44.46,922.0799999999999,1.15,Breakeven / Recovered
2024-06-01,meta_ads,4,155,2,0.0129,90.68,6981.81,38.51,45.04,1012.7600000000002,1.17,Breakeven / Recovered
2024-06-01,meta_ads,5,155,2,0.0129,102.19,7084.00,38.51,45.7,1114.9499999999998,1.19,Breakeven / Recovered
2024-06-01,meta_ads,7,155,1,0.0065,-31.10,7052.90,38.51,45.5,1083.8499999999995,1.18,Breakeven / Recovered
2024-11-01,creator_network,0,66,66,1.0,2336.31,2336.31,31.93,35.4,228.92999999999984,1.11,Breakeven / Recovered
2024-11-01,creator_network,1,66,2,0.0303,91.21,2427.52,31.93,36.78,320.1399999999999,1.15,Breakeven / Recovered
2024-11-01,creator_network,2,66,7,0.1061,203.34,2630.86,31.93,39.86,523.48,1.25,Breakeven / Recovered
2024-11-01,creator_network,3,66,3,0.0455,123.36,2754.22,31.93,41.73,646.8399999999997,1.31,Breakeven / Recovered
2024-11-01,creator_network,4,66,1,0.0152,39.02,2793.24,31.93,42.32,685.8599999999997,1.33,Breakeven / Recovered
2024-11-01,creator_network,5,66,1,0.0152,-22.55,2770.69,31.93,41.98,663.31,1.31,Breakeven / Recovered
2025-04-01,google_ads,0,159,159,1.0,8516.01,8516.01,44.44,53.56,1450.0500000000002,1.21,Breakeven / Recovered
2025-04-01,google_ads,1,159,10,0.0629,765.26,9281.27,44.44,58.37,2215.3100000000004,1.31,Breakeven / Recovered
2025-04-01,google_ads,2,159,12,0.0755,690.15,9971.42,44.44,62.71,2905.46,1.41,Breakeven / Recovered
2025-04-01,google_ads,3,159,2,0.0126,148.14,10119.56,44.44,63.65,3053.5999999999995,1.43,Breakeven / Recovered
2025-04-01,google_ads,4,159,1,0.0063,63.72,10183.28,44.44,64.05,3117.3200000000006,1.44,Breakeven / Recovered
2025-04-01,meta_ads,0,201,201,1.0,8382.47,8382.47,36.81,41.7,983.659999999999,1.13,Breakeven / Recovered
2025-04-01,meta_ads,1,201,15,0.0746,675.28,9057.75,36.81,45.06,1658.9399999999996,1.22,Breakeven / Recovered
2025-04-01,meta_ads,2,201,13,0.0647,549.66,9607.41,36.81,47.8,2208.5999999999995,1.3,Breakeven / Recovered
2025-04-01,meta_ads,3,201,5,0.0249,310.53,9917.94,36.81,49.34,2519.13,1.34,Breakeven / Recovered
2025-04-01,meta_ads,4,201,1,0.005,66.43,9984.37,36.81,49.67,2585.5600000000004,1.35,Breakeven / Recovered
2025-04-01,meta_ads,5,201,1,0.005,68.22,10052.59,36.81,50.01,2653.7799999999997,1.36,Breakeven / Recovered
2025-04-01,meta_ads,6,201,1,0.005,61.66,10114.25,36.81,50.32,2715.4399999999996,1.37,Breakeven / Recovered
2025-04-01,meta_ads,7,201,1,0.005,44.32,10158.57,36.81,50.54,2759.7599999999993,1.37,Breakeven / Recovered
2024-01-01,direct,0,25,25,1.0,1452.07,1452.07,0.0,58.08,1452.07,,Organic / Pure Profit
2024-01-01,direct,1,25,4,0.16,133.29,1585.36,0.0,63.41,1585.36,,Organic / Pure Profit
2024-01-01,direct,3,25,1,0.04,57.33,1642.69,0.0,65.71,1642.69,,Organic / Pure Profit
2024-02-01,organic_search,0,44,44,1.0,2230.76,2230.76,0.0,50.7,2230.76,,Organic / Pure Profit
2024-02-01,organic_search,1,44,6,0.1364,330.39,2561.15,0.0,58.21,2561.15,,Organic / Pure Profit
2024-02-01,organic_search,2,44,5,0.1136,203.63,2764.78,0.0,62.84,2764.78,,Organic / Pure Profit
2024-02-01,organic_search,3,44,2,0.0455,146.68,2911.46,0.0,66.17,2911.46,,Organic / Pure Profit
2024-02-01,organic_search,4,44,1,0.0227,52.02,2963.48,0.0,67.35,2963.48,,Organic / Pure Profit
2025-01-01,creator_network,0,78,78,1.0,2456.98,2456.98,33.6,31.5,-163.82000000000016,0.94,Unrecovered Capital
2025-01-01,creator_network,1,78,5,0.0641,128.90,2585.88,33.6,33.15,-34.92000000000007,0.99,Unrecovered Capital
2025-01-01,creator_network,2,78,4,0.0513,-22.60,2563.28,33.6,32.86,-57.51999999999998,0.98,Unrecovered Capital
2025-01-01,creator_network,3,78,2,0.0256,88.12,2651.40,33.6,33.99,30.59999999999991,1.01,Breakeven / Recovered
2025-01-01,creator_network,5,78,1,0.0128,11.68,2663.08,33.6,34.14,42.279999999999745,1.02,Breakeven / Recovered
2025-08-01,creator_network,0,74,74,1.0,2485.00,2485.00,33.11,33.58,34.86000000000013,1.01,Breakeven / Recovered
2025-08-01,creator_network,1,74,7,0.0946,139.52,2624.52,33.11,35.47,174.3800000000001,1.07,Breakeven / Recovered
2025-08-01,creator_network,2,74,7,0.0946,254.93,2879.45,33.11,38.91,429.30999999999995,1.18,Breakeven / Recovered
2025-08-01,creator_network,3,74,3,0.0405,117.34,2996.79,33.11,40.5,546.6500000000001,1.22,Breakeven / Recovered
2025-08-01,creator_network,4,74,2,0.027,109.71,3106.50,33.11,41.98,656.3600000000001,1.27,Breakeven / Recovered
2024-04-01,google_ads,0,101,101,1.0,5432.58,5432.58,46.87,53.79,698.71,1.15,Breakeven / Recovered
2024-04-01,google_ads,1,101,11,0.1089,521.98,5954.56,46.87,58.96,1220.6900000000005,1.26,Breakeven / Recovered
2024-04-01,google_ads,2,101,7,0.0693,364.32,6318.88,46.87,62.56,1585.0100000000002,1.33,Breakeven / Recovered
2024-04-01,google_ads,3,101,3,0.0297,267.73,6586.61,46.87,65.21,1852.7399999999998,1.39,Breakeven / Recovered
2024-04-01,google_ads,7,101,1,0.0099,44.94,6631.55,46.87,65.66,1897.6800000000003,1.4,Breakeven / Recovered
2024-04-01,meta_ads,0,155,155,1.0,7190.87,7190.87,36.32,46.39,1561.2699999999995,1.28,Breakeven / Recovered
2024-04-01,meta_ads,1,155,19,0.1226,876.44,8067.31,36.32,52.05,2437.71,1.43,Breakeven / Recovered
2024-04-01,meta_ads,2,155,5,0.0323,233.58,8300.89,36.32,53.55,2671.289999999999,1.47,Breakeven / Recovered
2024-04-01,meta_ads,3,155,7,0.0452,323.07,8623.96,36.32,55.64,2994.3599999999988,1.53,Breakeven / Recovered
2024-04-01,meta_ads,4,155,3,0.0194,-24.35,8599.61,36.32,55.48,2970.01,1.53,Breakeven / Recovered
2024-04-01,meta_ads,5,155,1,0.0065,61.33,8660.94,36.32,55.88,3031.34,1.54,Breakeven / Recovered
2024-04-01,meta_ads,6,155,3,0.0194,148.29,8809.23,36.32,56.83,3179.629999999999,1.56,Breakeven / Recovered
2024-06-01,creator_network,0,79,79,1.0,2793.60,2793.60,34.72,35.36,50.7199999999998,1.02,Breakeven / Recovered
2024-06-01,creator_network,1,79,8,0.1013,231.04,3024.64,34.72,38.29,281.75999999999976,1.1,Breakeven / Recovered
2024-06-01,creator_network,2,79,3,0.038,53.92,3078.56,34.72,38.97,335.67999999999984,1.12,Breakeven / Recovered
2024-06-01,creator_network,3,79,4,0.0506,51.74,3130.30,34.72,39.62,387.4200000000001,1.14,Breakeven / Recovered
2024-06-01,creator_network,5,79,1,0.0127,3.66,3133.96,34.72,39.67,391.0799999999999,1.14,Breakeven / Recovered
2024-11-01,google_ads,0,131,131,1.0,7976.41,7976.41,49.33,60.89,1514.1800000000003,1.23,Breakeven / Recovered
2024-11-01,google_ads,1,131,12,0.0916,894.62,8871.03,49.33,67.72,2408.800000000001,1.37,Breakeven / Recovered
2024-11-01,google_ads,2,131,11,0.084,599.01,9470.04,49.33,72.29,3007.8100000000013,1.47,Breakeven / Recovered
2024-11-01,google_ads,3,131,3,0.0229,226.81,9696.85,49.33,74.02,3234.620000000001,1.5,Breakeven / Recovered
2024-11-01,google_ads,4,131,1,0.0076,142.10,9838.95,49.33,75.11,3376.720000000001,1.52,Breakeven / Recovered
2024-11-01,meta_ads,0,187,187,1.0,8167.03,8167.03,35.07,43.67,1608.9399999999996,1.25,Breakeven / Recovered
2024-11-01,meta_ads,1,187,18,0.0963,989.57,9156.60,35.07,48.97,2598.51,1.4,Breakeven / Recovered
2024-11-01,meta_ads,2,187,15,0.0802,808.17,9964.77,35.07,53.29,3406.6800000000003,1.52,Breakeven / Recovered
2024-11-01,meta_ads,3,187,8,0.0428,306.49,10271.26,35.07,54.93,3713.17,1.57,Breakeven / Recovered
2024-11-01,meta_ads,4,187,4,0.0214,173.53,10444.79,35.07,55.85,3886.7000000000007,1.59,Breakeven / Recovered
2025-03-01,direct,0,46,46,1.0,2717.95,2717.95,0.0,59.09,2717.95,,Organic / Pure Profit
2025-03-01,direct,1,46,2,0.0435,104.77,2822.72,0.0,61.36,2822.72,,Organic / Pure Profit
2025-03-01,direct,2,46,5,0.1087,211.89,3034.61,0.0,65.97,3034.61,,Organic / Pure Profit
2025-03-01,direct,3,46,1,0.0217,54.31,3088.92,0.0,67.15,3088.92,,Organic / Pure Profit
2025-04-01,creator_network,0,95,95,1.0,3316.34,3316.34,29.99,34.91,467.28999999999996,1.16,Breakeven / Recovered
2025-04-01,creator_network,1,95,6,0.0632,184.68,3501.02,29.99,36.85,651.9699999999998,1.23,Breakeven / Recovered
2025-04-01,creator_network,2,95,7,0.0737,141.60,3642.62,29.99,38.34,793.5699999999997,1.28,Breakeven / Recovered
2025-04-01,creator_network,3,95,3,0.0316,130.84,3773.46,29.99,39.72,924.4099999999999,1.32,Breakeven / Recovered
2025-06-01,direct,0,46,46,1.0,2249.51,2249.51,0.0,48.9,2249.51,,Organic / Pure Profit
2025-06-01,direct,1,46,7,0.1522,304.79,2554.30,0.0,55.53,2554.3,,Organic / Pure Profit
2025-06-01,direct,2,46,7,0.1522,400.97,2955.27,0.0,64.25,2955.27,,Organic / Pure Profit
2025-06-01,direct,3,46,1,0.0217,57.72,3012.99,0.0,65.5,3012.99,,Organic / Pure Profit
2025-06-01,direct,4,46,1,0.0217,38.25,3051.24,0.0,66.33,3051.24,,Organic / Pure Profit
2025-12-01,organic_search,0,63,63,1.0,3245.16,3245.16,0.0,51.51,3245.16,,Organic / Pure Profit
2024-03-01,creator_network,0,59,59,1.0,1940.57,1940.57,34.43,32.89,-90.79999999999995,0.96,Unrecovered Capital
2024-03-01,creator_network,1,59,1,0.0169,28.16,1968.73,34.43,33.37,-62.63999999999987,0.97,Unrecovered Capital
2024-03-01,creator_network,2,59,5,0.0847,280.42,2249.15,34.43,38.12,217.7800000000002,1.11,Breakeven / Recovered
2024-03-01,creator_network,3,59,1,0.0169,45.07,2294.22,34.43,38.89,262.8499999999999,1.13,Breakeven / Recovered
2024-03-01,creator_network,4,59,1,0.0169,87.36,2381.58,34.43,40.37,350.21000000000004,1.17,Breakeven / Recovered
2024-03-01,creator_network,5,59,1,0.0169,57.58,2439.16,34.43,41.34,407.78999999999996,1.2,Breakeven / Recovered
2024-03-01,creator_network,6,59,1,0.0169,32.44,2471.60,34.43,41.89,440.23,1.22,Breakeven / Recovered
2024-05-01,organic_search,0,37,37,1.0,1950.89,1950.89,0.0,52.73,1950.89,,Organic / Pure Profit
2024-05-01,organic_search,1,37,4,0.1081,247.13,2198.02,0.0,59.41,2198.02,,Organic / Pure Profit
2024-05-01,organic_search,2,37,3,0.0811,154.07,2352.09,0.0,63.57,2352.09,,Organic / Pure Profit
2024-05-01,organic_search,3,37,2,0.0541,74.12,2426.21,0.0,65.57,2426.21,,Organic / Pure Profit
2024-05-01,organic_search,4,37,2,0.0541,129.12,2555.33,0.0,69.06,2555.33,,Organic / Pure Profit
2024-07-01,creator_network,0,75,75,1.0,3079.64,3079.64,29.92,41.06,835.6399999999999,1.37,Breakeven / Recovered
2024-07-01,creator_network,1,75,9,0.12,307.20,3386.84,29.92,45.16,1142.8400000000001,1.51,Breakeven / Recovered
2024-07-01,creator_network,2,75,8,0.1067,307.39,3694.23,29.92,49.26,1450.23,1.65,Breakeven / Recovered
2024-07-01,creator_network,3,75,2,0.0267,70.42,3764.65,29.92,50.2,1520.65,1.68,Breakeven / Recovered
2024-07-01,creator_network,4,75,1,0.0133,27.83,3792.48,29.92,50.57,1548.48,1.69,Breakeven / Recovered
2024-08-01,creator_network,0,67,67,1.0,2155.56,2155.56,32.78,32.17,-40.70000000000027,0.98,Unrecovered Capital
2024-08-01,creator_network,1,67,4,0.0597,100.89,2256.45,32.78,33.68,60.1899999999996,1.03,Breakeven / Recovered
2024-08-01,creator_network,2,67,1,0.0149,43.52,2299.97,32.78,34.33,103.70999999999958,1.05,Breakeven / Recovered
2024-08-01,creator_network,3,67,3,0.0448,87.39,2387.36,32.78,35.63,191.0999999999999,1.09,Breakeven / Recovered
2024-08-01,creator_network,4,67,1,0.0149,40.55,2427.91,32.78,36.24,231.64999999999964,1.11,Breakeven / Recovered
2024-09-01,organic_search,0,45,45,1.0,2331.44,2331.44,0.0,51.81,2331.44,,Organic / Pure Profit
2024-09-01,organic_search,1,45,4,0.0889,276.41,2607.85,0.0,57.95,2607.85,,Organic / Pure Profit
2024-09-01,organic_search,2,45,3,0.0667,179.26,2787.11,0.0,61.94,2787.11,,Organic / Pure Profit
2024-09-01,organic_search,3,45,1,0.0222,62.80,2849.91,0.0,63.33,2849.91,,Organic / Pure Profit
2024-12-01,creator_network,0,85,85,1.0,2583.62,2583.62,31.32,30.4,-78.57999999999993,0.97,Unrecovered Capital
2024-12-01,creator_network,1,85,3,0.0353,100.07,2683.69,31.32,31.57,21.490000000000236,1.01,Breakeven / Recovered
2024-12-01,creator_network,2,85,6,0.0706,190.12,2873.81,31.32,33.81,211.61000000000013,1.08,Breakeven / Recovered
2024-12-01,creator_network,3,85,5,0.0588,171.54,3045.35,31.32,35.83,383.1500000000001,1.14,Breakeven / Recovered
2024-12-01,creator_network,4,85,1,0.0118,15.11,3060.46,31.32,36.01,398.2600000000002,1.15,Breakeven / Recovered
2025-05-01,google_ads,0,135,135,1.0,7773.60,7773.60,44.38,57.58,1782.3000000000002,1.3,Breakeven / Recovered
2025-05-01,google_ads,1,135,12,0.0889,551.20,8324.80,44.38,61.67,2333.499999999999,1.39,Breakeven / Recovered
2025-05-01,google_ads,2,135,6,0.0444,414.94,8739.74,44.38,64.74,2748.4399999999996,1.46,Breakeven / Recovered
2025-05-01,google_ads,3,135,4,0.0296,213.03,8952.77,44.38,66.32,2961.4700000000003,1.49,Breakeven / Recovered
2025-05-01,google_ads,4,135,1,0.0074,12.30,8965.07,44.38,66.41,2973.7699999999995,1.5,Breakeven / Recovered
2025-05-01,google_ads,6,135,1,0.0074,49.80,9014.87,44.38,66.78,3023.5700000000006,1.5,Breakeven / Recovered
2025-05-01,google_ads,7,135,2,0.0148,14.98,9029.85,44.38,66.89,3038.55,1.51,Breakeven / Recovered
2025-05-01,meta_ads,0,225,225,1.0,9323.17,9323.17,35.35,41.44,1369.42,1.17,Breakeven / Recovered
2025-05-01,meta_ads,1,225,24,0.1067,820.12,10143.29,35.35,45.08,2189.540000000001,1.28,Breakeven / Recovered
2025-05-01,meta_ads,2,225,9,0.04,466.28,10609.57,35.35,47.15,2655.8199999999997,1.33,Breakeven / Recovered
2025-05-01,meta_ads,3,225,4,0.0178,117.51,10727.08,35.35,47.68,2773.33,1.35,Breakeven / Recovered
2025-05-01,meta_ads,4,225,4,0.0178,161.17,10888.25,35.35,48.39,2934.5,1.37,Breakeven / Recovered
2025-05-01,meta_ads,6,225,1,0.0044,100.40,10988.65,35.35,48.84,3034.8999999999996,1.38,Breakeven / Recovered
2025-07-01,organic_search,0,74,74,1.0,3734.90,3734.90,0.0,50.47,3734.9,,Organic / Pure Profit
2025-07-01,organic_search,1,74,2,0.027,116.29,3851.19,0.0,52.04,3851.19,,Organic / Pure Profit
2025-07-01,organic_search,2,74,4,0.0541,238.81,4090.00,0.0,55.27,4090.0,,Organic / Pure Profit
2025-07-01,organic_search,3,74,2,0.027,55.51,4145.51,0.0,56.02,4145.51,,Organic / Pure Profit
2025-09-01,creator_network,0,103,103,1.0,3147.07,3147.07,34.35,30.55,-390.98,0.89,Unrecovered Capital
2025-09-01,creator_network,1,103,9,0.0874,261.83,3408.90,34.35,33.1,-129.1500000000001,0.96,Unrecovered Capital
2025-09-01,creator_network,2,103,5,0.0485,178.74,3587.64,34.35,34.83,49.58999999999969,1.01,Breakeven / Recovered
2025-09-01,creator_network,3,103,4,0.0388,116.83,3704.47,34.35,35.97,166.41999999999962,1.05,Breakeven / Recovered
2025-11-01,creator_network,0,102,102,1.0,3226.07,3226.07,31.79,31.63,-16.509999999999764,0.99,Unrecovered Capital
2025-11-01,creator_network,1,102,11,0.1078,160.17,3386.24,31.79,33.2,143.65999999999985,1.04,Breakeven / Recovered
2024-01-01,creator_network,0,73,73,1.0,2555.24,2555.24,32.66,35.0,171.05999999999995,1.07,Breakeven / Recovered
2024-01-01,creator_network,1,73,4,0.0548,216.62,2771.86,32.66,37.97,387.6800000000003,1.16,Breakeven / Recovered
2024-01-01,creator_network,2,73,4,0.0548,107.71,2879.57,32.66,39.45,495.3900000000003,1.21,Breakeven / Recovered
2024-01-01,creator_network,3,73,2,0.0274,33.72,2913.29,32.66,39.91,529.1100000000001,1.22,Breakeven / Recovered
2024-01-01,creator_network,4,73,3,0.0411,135.40,3048.69,32.66,41.76,664.5100000000002,1.28,Breakeven / Recovered
2024-04-01,organic_search,0,47,47,1.0,2133.22,2133.22,0.0,45.39,2133.22,,Organic / Pure Profit
2024-04-01,organic_search,1,47,12,0.2553,572.67,2705.89,0.0,57.57,2705.89,,Organic / Pure Profit
2024-04-01,organic_search,2,47,3,0.0638,212.90,2918.79,0.0,62.1,2918.79,,Organic / Pure Profit
2024-04-01,organic_search,3,47,1,0.0213,62.22,2981.01,0.0,63.43,2981.01,,Organic / Pure Profit
2024-04-01,organic_search,5,47,2,0.0426,106.47,3087.48,0.0,65.69,3087.48,,Organic / Pure Profit
2024-11-01,organic_search,0,72,72,1.0,3403.84,3403.84,0.0,47.28,3403.84,,Organic / Pure Profit
2024-11-01,organic_search,1,72,6,0.0833,328.12,3731.96,0.0,51.83,3731.96,,Organic / Pure Profit
2024-11-01,organic_search,2,72,3,0.0417,202.59,3934.55,0.0,54.65,3934.55,,Organic / Pure Profit
2024-11-01,organic_search,3,72,2,0.0278,149.28,4083.83,0.0,56.72,4083.83,,Organic / Pure Profit
2024-11-01,organic_search,4,72,1,0.0139,80.51,4164.34,0.0,57.84,4164.34,,Organic / Pure Profit
2024-11-01,organic_search,5,72,1,0.0139,-44.96,4119.38,0.0,57.21,4119.38,,Organic / Pure Profit
2025-01-01,direct,0,48,48,1.0,2143.22,2143.22,0.0,44.65,2143.22,,Organic / Pure Profit
2025-01-01,direct,1,48,3,0.0625,225.50,2368.72,0.0,49.35,2368.72,,Organic / Pure Profit
2025-01-01,direct,2,48,2,0.0417,155.29,2524.01,0.0,52.58,2524.01,,Organic / Pure Profit
2025-01-01,direct,4,48,1,0.0208,33.50,2557.51,0.0,53.28,2557.51,,Organic / Pure Profit
2025-01-01,direct,6,48,1,0.0208,63.38,2620.89,0.0,54.6,2620.89,,Organic / Pure Profit
2025-08-01,direct,0,53,53,1.0,2225.80,2225.80,0.0,42.0,2225.8,,Organic / Pure Profit
2025-08-01,direct,1,53,3,0.0566,281.64,2507.44,0.0,47.31,2507.44,,Organic / Pure Profit
2025-08-01,direct,2,53,3,0.0566,249.56,2757.00,0.0,52.02,2757.0,,Organic / Pure Profit
2025-12-01,google_ads,0,168,168,1.0,9330.67,9330.67,47.64,55.54,1327.1499999999996,1.17,Breakeven / Recovered
2025-12-01,meta_ads,0,245,245,1.0,9721.53,9721.53,42.65,39.68,-727.7199999999993,0.93,Unrecovered Capital
2024-10-01,google_ads,0,125,125,1.0,7311.82,7311.82,46.66,58.49,1479.3199999999997,1.25,Breakeven / Recovered
2024-10-01,google_ads,1,125,11,0.088,690.31,8002.13,46.66,64.02,2169.63,1.37,Breakeven / Recovered
2024-10-01,google_ads,2,125,13,0.104,700.55,8702.68,46.66,69.62,2870.1800000000003,1.49,Breakeven / Recovered
2024-10-01,google_ads,3,125,1,0.008,52.21,8754.89,46.66,70.04,2922.3899999999994,1.5,Breakeven / Recovered
2024-10-01,google_ads,4,125,1,0.008,38.15,8793.04,46.66,70.34,2960.540000000001,1.51,Breakeven / Recovered
2024-10-01,meta_ads,0,192,192,1.0,8618.71,8618.71,36.51,44.89,1608.789999999999,1.23,Breakeven / Recovered
2024-10-01,meta_ads,1,192,11,0.0573,634.06,9252.77,36.51,48.19,2242.8500000000004,1.32,Breakeven / Recovered
2024-10-01,meta_ads,2,192,11,0.0573,587.39,9840.16,36.51,51.25,2830.24,1.4,Breakeven / Recovered
2024-10-01,meta_ads,3,192,5,0.026,247.85,10088.01,36.51,52.54,3078.09,1.44,Breakeven / Recovered
2024-10-01,meta_ads,4,192,1,0.0052,55.08,10143.09,36.51,52.83,3133.17,1.45,Breakeven / Recovered
2025-02-01,google_ads,0,143,143,1.0,8128.82,8128.82,45.01,56.84,1692.3899999999994,1.26,Breakeven / Recovered
2025-02-01,google_ads,1,143,13,0.0909,310.70,8439.52,45.01,59.02,2003.0900000000001,1.31,Breakeven / Recovered
2025-02-01,google_ads,2,143,7,0.049,416.12,8855.64,45.01,61.93,2419.209999999999,1.38,Breakeven / Recovered
2025-02-01,google_ads,3,143,1,0.007,53.76,8909.40,45.01,62.3,2472.9699999999993,1.38,Breakeven / Recovered
2025-02-01,google_ads,4,143,1,0.007,108.73,9018.13,45.01,63.06,2581.699999999999,1.4,Breakeven / Recovered
2025-02-01,google_ads,5,143,1,0.007,45.29,9063.42,45.01,63.38,2626.99,1.41,Breakeven / Recovered
2025-02-01,meta_ads,0,192,192,1.0,7797.04,7797.04,40.81,40.61,-38.48000000000047,1.0,Unrecovered Capital
2025-02-01,meta_ads,1,192,21,0.1094,634.97,8432.01,40.81,43.92,596.4899999999998,1.08,Breakeven / Recovered
2025-02-01,meta_ads,2,192,11,0.0573,481.89,8913.90,40.81,46.43,1078.3799999999992,1.14,Breakeven / Recovered
2025-02-01,meta_ads,3,192,4,0.0208,109.54,9023.44,40.81,47.0,1187.92,1.15,Breakeven / Recovered
2025-02-01,meta_ads,4,192,2,0.0104,43.75,9067.19,40.81,47.22,1231.67,1.16,Breakeven / Recovered
2025-02-01,meta_ads,5,192,2,0.0104,4.16,9071.35,40.81,47.25,1235.83,1.16,Breakeven / Recovered
2025-10-01,creator_network,0,107,107,1.0,3834.53,3834.53,32.8,35.84,324.9300000000003,1.09,Breakeven / Recovered
2025-10-01,creator_network,1,107,12,0.1121,407.74,4242.27,32.8,39.65,732.6700000000005,1.21,Breakeven / Recovered
2025-10-01,creator_network,2,107,6,0.0561,145.91,4388.18,32.8,41.01,878.5800000000004,1.25,Breakeven / Recovered
2024-02-01,creator_network,0,61,61,1.0,2348.43,2348.43,33.5,38.5,304.92999999999984,1.15,Breakeven / Recovered
2024-02-01,creator_network,1,61,4,0.0656,62.04,2410.47,33.5,39.52,366.9699999999998,1.18,Breakeven / Recovered
2024-02-01,creator_network,2,61,3,0.0492,128.63,2539.10,33.5,41.62,495.5999999999999,1.24,Breakeven / Recovered
2024-02-01,creator_network,3,61,1,0.0164,52.56,2591.66,33.5,42.49,548.1599999999999,1.27,Breakeven / Recovered
2024-04-01,direct,0,36,36,1.0,2021.22,2021.22,0.0,56.15,2021.22,,Organic / Pure Profit
2024-04-01,direct,1,36,4,0.1111,284.37,2305.59,0.0,64.04,2305.59,,Organic / Pure Profit
2024-04-01,direct,2,36,1,0.0278,-55.99,2249.60,0.0,62.49,2249.6,,Organic / Pure Profit
2024-04-01,direct,4,36,1,0.0278,24.23,2273.83,0.0,63.16,2273.83,,Organic / Pure Profit
2024-11-01,direct,0,42,42,1.0,2461.02,2461.02,0.0,58.6,2461.02,,Organic / Pure Profit
2024-11-01,direct,1,42,1,0.0238,50.70,2511.72,0.0,59.8,2511.72,,Organic / Pure Profit
2024-11-01,direct,2,42,2,0.0476,24.80,2536.52,0.0,60.39,2536.52,,Organic / Pure Profit
2024-11-01,direct,3,42,2,0.0476,77.94,2614.46,0.0,62.25,2614.46,,Organic / Pure Profit
2024-11-01,direct,4,42,1,0.0238,135.74,2750.20,0.0,65.48,2750.2,,Organic / Pure Profit
2025-01-01,organic_search,0,65,65,1.0,3985.31,3985.31,0.0,61.31,3985.31,,Organic / Pure Profit
2025-01-01,organic_search,1,65,8,0.1231,471.38,4456.69,0.0,68.56,4456.69,,Organic / Pure Profit
2025-01-01,organic_search,2,65,3,0.0462,195.76,4652.45,0.0,71.58,4652.45,,Organic / Pure Profit
2025-01-01,organic_search,3,65,2,0.0308,133.17,4785.62,0.0,73.62,4785.62,,Organic / Pure Profit
2025-01-01,organic_search,4,65,2,0.0308,151.93,4937.55,0.0,75.96,4937.55,,Organic / Pure Profit
2025-03-01,google_ads,0,162,162,1.0,8698.67,8698.67,46.32,53.7,1194.83,1.16,Breakeven / Recovered
2025-03-01,google_ads,1,162,9,0.0556,573.75,9272.42,46.32,57.24,1768.58,1.24,Breakeven / Recovered
2025-03-01,google_ads,2,162,8,0.0494,443.15,9715.57,46.32,59.97,2211.7299999999996,1.29,Breakeven / Recovered
2025-03-01,google_ads,3,162,2,0.0123,96.05,9811.62,46.32,60.57,2307.7800000000007,1.31,Breakeven / Recovered
2025-03-01,google_ads,5,162,1,0.0062,47.43,9859.05,46.32,60.86,2355.209999999999,1.31,Breakeven / Recovered
2025-03-01,google_ads,6,162,1,0.0062,53.64,9912.69,46.32,61.19,2408.8500000000004,1.32,Breakeven / Recovered
2025-03-01,google_ads,7,162,2,0.0123,133.07,10045.76,46.32,62.01,2541.92,1.34,Breakeven / Recovered
2025-03-01,meta_ads,0,191,191,1.0,8080.42,8080.42,38.46,42.31,734.5600000000004,1.1,Breakeven / Recovered
2025-03-01,meta_ads,1,191,16,0.0838,735.02,8815.44,38.46,46.15,1469.5800000000008,1.2,Breakeven / Recovered
2025-03-01,meta_ads,2,191,12,0.0628,505.67,9321.11,38.46,48.8,1975.250000000001,1.27,Breakeven / Recovered
2025-03-01,meta_ads,3,191,5,0.0262,135.69,9456.80,38.46,49.51,2110.9399999999996,1.29,Breakeven / Recovered
2025-03-01,meta_ads,4,191,2,0.0105,95.44,9552.24,38.46,50.01,2206.38,1.3,Breakeven / Recovered
2025-03-01,meta_ads,5,191,1,0.0052,76.08,9628.32,38.46,50.41,2282.46,1.31,Breakeven / Recovered
2025-06-01,google_ads,0,168,168,1.0,9968.95,9968.95,48.11,59.34,1886.4700000000012,1.23,Breakeven / Recovered
2025-06-01,google_ads,1,168,11,0.0655,761.80,10730.75,48.11,63.87,2648.2700000000004,1.33,Breakeven / Recovered
2025-06-01,google_ads,2,168,5,0.0298,429.68,11160.43,48.11,66.43,3077.9500000000007,1.38,Breakeven / Recovered
2025-06-01,google_ads,3,168,4,0.0238,202.23,11362.66,48.11,67.63,3280.1800000000003,1.41,Breakeven / Recovered
2025-06-01,google_ads,4,168,2,0.0119,118.63,11481.29,48.11,68.34,3398.8100000000013,1.42,Breakeven / Recovered
2025-06-01,google_ads,5,168,1,0.006,50.23,11531.52,48.11,68.64,3449.040000000001,1.43,Breakeven / Recovered
2025-06-01,meta_ads,0,221,221,1.0,9857.58,9857.58,37.59,44.6,1550.1900000000005,1.19,Breakeven / Recovered
2025-06-01,meta_ads,1,221,14,0.0633,707.65,10565.23,37.59,47.81,2257.84,1.27,Breakeven / Recovered
2025-06-01,meta_ads,2,221,13,0.0588,576.98,11142.21,37.59,50.42,2834.8199999999997,1.34,Breakeven / Recovered
2025-06-01,meta_ads,3,221,7,0.0317,325.20,11467.41,37.59,51.89,3160.0200000000004,1.38,Breakeven / Recovered
2025-06-01,meta_ads,4,221,1,0.0045,45.57,11512.98,37.59,52.09,3205.59,1.39,Breakeven / Recovered
2025-06-01,meta_ads,5,221,3,0.0136,128.19,11641.17,37.59,52.67,3333.7800000000007,1.4,Breakeven / Recovered
2025-08-01,organic_search,0,71,71,1.0,3736.15,3736.15,0.0,52.62,3736.15,,Organic / Pure Profit
2025-08-01,organic_search,1,71,4,0.0563,151.68,3887.83,0.0,54.76,3887.83,,Organic / Pure Profit
2025-08-01,organic_search,2,71,3,0.0423,79.70,3967.53,0.0,55.88,3967.53,,Organic / Pure Profit
2025-08-01,organic_search,3,71,2,0.0282,137.80,4105.33,0.0,57.82,4105.33,,Organic / Pure Profit
2024-03-01,direct,0,35,35,1.0,1901.13,1901.13,0.0,54.32,1901.13,,Organic / Pure Profit
2024-03-01,direct,1,35,3,0.0857,233.90,2135.03,0.0,61.0,2135.03,,Organic / Pure Profit
2024-03-01,direct,2,35,2,0.0571,119.08,2254.11,0.0,64.4,2254.11,,Organic / Pure Profit
2024-07-01,direct,0,36,36,1.0,2148.42,2148.42,0.0,59.68,2148.42,,Organic / Pure Profit
2024-07-01,direct,1,36,2,0.0556,163.58,2312.00,0.0,64.22,2312.0,,Organic / Pure Profit
2024-07-01,direct,2,36,1,0.0278,78.51,2390.51,0.0,66.4,2390.51,,Organic / Pure Profit
2024-07-01,direct,3,36,1,0.0278,48.89,2439.40,0.0,67.76,2439.4,,Organic / Pure Profit
2024-07-01,direct,4,36,1,0.0278,57.50,2496.90,0.0,69.36,2496.9,,Organic / Pure Profit
2024-07-01,direct,5,36,1,0.0278,44.81,2541.71,0.0,70.6,2541.71,,Organic / Pure Profit
2024-08-01,direct,0,40,40,1.0,2318.13,2318.13,0.0,57.95,2318.13,,Organic / Pure Profit
2024-08-01,direct,1,40,3,0.075,176.01,2494.14,0.0,62.35,2494.14,,Organic / Pure Profit
2024-08-01,direct,2,40,1,0.025,47.81,2541.95,0.0,63.55,2541.95,,Organic / Pure Profit
2024-08-01,direct,3,40,2,0.05,122.23,2664.18,0.0,66.6,2664.18,,Organic / Pure Profit
2024-10-01,organic_search,0,66,66,1.0,3239.97,3239.97,0.0,49.09,3239.97,,Organic / Pure Profit
2024-10-01,organic_search,1,66,5,0.0758,311.97,3551.94,0.0,53.82,3551.94,,Organic / Pure Profit
2024-10-01,organic_search,2,66,5,0.0758,238.63,3790.57,0.0,57.43,3790.57,,Organic / Pure Profit
2024-10-01,organic_search,3,66,3,0.0455,174.42,3964.99,0.0,60.08,3964.99,,Organic / Pure Profit
2024-10-01,organic_search,4,66,1,0.0152,53.61,4018.60,0.0,60.89,4018.6,,Organic / Pure Profit
2024-12-01,direct,0,49,49,1.0,2771.86,2771.86,0.0,56.57,2771.86,,Organic / Pure Profit
2024-12-01,direct,1,49,2,0.0408,138.60,2910.46,0.0,59.4,2910.46,,Organic / Pure Profit
2024-12-01,direct,2,49,5,0.102,192.35,3102.81,0.0,63.32,3102.81,,Organic / Pure Profit
2024-12-01,direct,3,49,1,0.0204,64.77,3167.58,0.0,64.64,3167.58,,Organic / Pure Profit
2025-02-01,organic_search,0,63,63,1.0,2845.88,2845.88,0.0,45.17,2845.88,,Organic / Pure Profit
2025-02-01,organic_search,1,63,3,0.0476,196.71,3042.59,0.0,48.3,3042.59,,Organic / Pure Profit
2025-02-01,organic_search,2,63,1,0.0159,55.56,3098.15,0.0,49.18,3098.15,,Organic / Pure Profit
2025-02-01,organic_search,3,63,1,0.0159,70.04,3168.19,0.0,50.29,3168.19,,Organic / Pure Profit
2025-09-01,direct,0,55,55,1.0,3243.19,3243.19,0.0,58.97,3243.19,,Organic / Pure Profit
2025-09-01,direct,1,55,4,0.0727,136.18,3379.37,0.0,61.44,3379.37,,Organic / Pure Profit
2025-09-01,direct,2,55,1,0.0182,62.98,3442.35,0.0,62.59,3442.35,,Organic / Pure Profit
2025-09-01,direct,3,55,2,0.0364,122.03,3564.38,0.0,64.81,3564.38,,Organic / Pure Profit
2025-11-01,direct,0,56,56,1.0,3015.98,3015.98,0.0,53.86,3015.98,,Organic / Pure Profit
2025-11-01,direct,1,56,3,0.0536,169.61,3185.59,0.0,56.89,3185.59,,Organic / Pure Profit
2025-01-01,google_ads,0,146,146,1.0,8214.22,8214.22,44.55,56.26,1709.9199999999992,1.26,Breakeven / Recovered
2025-01-01,google_ads,1,146,12,0.0822,758.20,8972.42,44.55,61.45,2468.12,1.38,Breakeven / Recovered
2025-01-01,google_ads,2,146,8,0.0548,387.15,9359.57,44.55,64.11,2855.2699999999995,1.44,Breakeven / Recovered
2025-01-01,google_ads,3,146,5,0.0342,396.28,9755.85,44.55,66.82,3251.55,1.5,Breakeven / Recovered
2025-01-01,meta_ads,0,201,201,1.0,8901.10,8901.10,36.17,44.28,1630.9300000000003,1.22,Breakeven / Recovered
2025-01-01,meta_ads,1,201,9,0.0448,393.42,9294.52,36.17,46.24,2024.3500000000004,1.28,Breakeven / Recovered
2025-01-01,meta_ads,2,201,11,0.0547,623.56,9918.08,36.17,49.34,2647.91,1.36,Breakeven / Recovered
2025-01-01,meta_ads,3,201,4,0.0199,36.16,9954.24,36.17,49.52,2684.0699999999997,1.37,Breakeven / Recovered
2025-01-01,meta_ads,4,201,3,0.0149,136.43,10090.67,36.17,50.2,2820.5,1.39,Breakeven / Recovered
2025-01-01,meta_ads,5,201,3,0.0149,143.90,10234.57,36.17,50.92,2964.3999999999996,1.41,Breakeven / Recovered
2025-01-01,meta_ads,6,201,1,0.005,31.67,10266.24,36.17,51.08,2996.0699999999997,1.41,Breakeven / Recovered
2025-01-01,meta_ads,7,201,1,0.005,61.63,10327.87,36.17,51.38,3057.7000000000007,1.42,Breakeven / Recovered
2025-03-01,organic_search,0,61,61,1.0,3201.81,3201.81,0.0,52.49,3201.81,,Organic / Pure Profit
2025-03-01,organic_search,1,61,6,0.0984,348.72,3550.53,0.0,58.21,3550.53,,Organic / Pure Profit
2025-03-01,organic_search,2,61,6,0.0984,339.17,3889.70,0.0,63.77,3889.7,,Organic / Pure Profit
2025-03-01,organic_search,3,61,1,0.0164,38.59,3928.29,0.0,64.4,3928.29,,Organic / Pure Profit
2025-06-01,organic_search,0,82,82,1.0,4508.65,4508.65,0.0,54.98,4508.65,,Organic / Pure Profit
2025-06-01,organic_search,1,82,8,0.0976,401.40,4910.05,0.0,59.88,4910.05,,Organic / Pure Profit
2025-06-01,organic_search,2,82,5,0.061,243.62,5153.67,0.0,62.85,5153.67,,Organic / Pure Profit
2025-06-01,organic_search,3,82,2,0.0244,108.93,5262.60,0.0,64.18,5262.6,,Organic / Pure Profit
2025-06-01,organic_search,5,82,2,0.0244,124.80,5387.40,0.0,65.7,5387.4,,Organic / Pure Profit
2025-06-01,organic_search,6,82,1,0.0122,55.36,5442.76,0.0,66.38,5442.76,,Organic / Pure Profit
2025-08-01,google_ads,0,167,167,1.0,9466.15,9466.15,47.49,56.68,1535.3199999999997,1.19,Breakeven / Recovered
2025-08-01,google_ads,1,167,16,0.0958,927.34,10393.49,47.49,62.24,2462.66,1.31,Breakeven / Recovered
2025-08-01,google_ads,2,167,8,0.0479,438.66,10832.15,47.49,64.86,2901.3199999999997,1.37,Breakeven / Recovered
2025-08-01,google_ads,3,167,8,0.0479,390.32,11222.47,47.49,67.2,3291.6399999999994,1.42,Breakeven / Recovered
2025-08-01,google_ads,4,167,2,0.012,169.20,11391.67,47.49,68.21,3460.84,1.44,Breakeven / Recovered
2025-08-01,meta_ads,0,213,213,1.0,10386.67,10386.67,35.17,48.76,2895.46,1.39,Breakeven / Recovered
2025-08-01,meta_ads,1,213,13,0.061,514.33,10901.00,35.17,51.18,3409.79,1.46,Breakeven / Recovered
2025-08-01,meta_ads,2,213,13,0.061,678.03,11579.03,35.17,54.36,4087.8200000000006,1.55,Breakeven / Recovered
2025-08-01,meta_ads,3,213,4,0.0188,241.81,11820.84,35.17,55.5,4329.63,1.58,Breakeven / Recovered
2025-08-01,meta_ads,4,213,2,0.0094,86.34,11907.18,35.17,55.9,4415.97,1.59,Breakeven / Recovered
2025-12-01,direct,0,62,62,1.0,3368.15,3368.15,0.0,54.33,3368.15,,Organic / Pure Profit
2025-05-01,direct,0,50,50,1.0,2752.70,2752.70,0.0,55.05,2752.7,,Organic / Pure Profit
2025-05-01,direct,1,50,1,0.02,51.46,2804.16,0.0,56.08,2804.16,,Organic / Pure Profit
2025-05-01,direct,2,50,1,0.02,82.58,2886.74,0.0,57.73,2886.74,,Organic / Pure Profit
2025-05-01,direct,3,50,3,0.06,291.29,3178.03,0.0,63.56,3178.03,,Organic / Pure Profit
2025-05-01,direct,5,50,1,0.02,65.59,3243.62,0.0,64.87,3243.62,,Organic / Pure Profit
2025-10-01,organic_search,0,76,76,1.0,3784.20,3784.20,0.0,49.79,3784.2,,Organic / Pure Profit
2025-10-01,organic_search,1,76,5,0.0658,309.80,4094.00,0.0,53.87,4094.0,,Organic / Pure Profit
2025-10-01,organic_search,2,76,3,0.0395,212.38,4306.38,0.0,56.66,4306.38,,Organic / Pure Profit
2024-01-01,google_ads,0,84,84,1.0,4906.00,4906.00,46.29,58.4,1017.6399999999999,1.26,Breakeven / Recovered
2024-01-01,google_ads,1,84,4,0.0476,233.84,5139.84,46.29,61.19,1251.48,1.32,Breakeven / Recovered
2024-01-01,google_ads,2,84,2,0.0238,141.05,5280.89,46.29,62.87,1392.5300000000002,1.36,Breakeven / Recovered
2024-01-01,google_ads,3,84,4,0.0476,217.89,5498.78,46.29,65.46,1610.4199999999996,1.41,Breakeven / Recovered
2024-01-01,google_ads,4,84,1,0.0119,-35.22,5463.56,46.29,65.04,1575.2000000000003,1.41,Breakeven / Recovered
2024-01-01,google_ads,5,84,1,0.0119,87.04,5550.60,46.29,66.08,1662.2400000000002,1.43,Breakeven / Recovered
2024-01-01,meta_ads,0,128,128,1.0,5201.18,5201.18,37.67,40.63,379.4200000000001,1.08,Breakeven / Recovered
2024-01-01,meta_ads,1,128,6,0.0469,181.40,5382.58,37.67,42.05,560.8199999999997,1.12,Breakeven / Recovered
2024-01-01,meta_ads,2,128,9,0.0703,420.44,5803.02,37.67,45.34,981.2600000000002,1.2,Breakeven / Recovered
2024-01-01,meta_ads,3,128,3,0.0234,178.66,5981.68,37.67,46.73,1159.92,1.24,Breakeven / Recovered
2024-01-01,meta_ads,4,128,1,0.0078,56.43,6038.11,37.67,47.17,1216.3499999999995,1.25,Breakeven / Recovered
2024-01-01,meta_ads,5,128,1,0.0078,-47.74,5990.37,37.67,46.8,1168.6099999999997,1.24,Breakeven / Recovered
2024-06-01,organic_search,0,49,49,1.0,2210.91,2210.91,0.0,45.12,2210.91,,Organic / Pure Profit
2024-06-01,organic_search,1,49,6,0.1224,263.55,2474.46,0.0,50.5,2474.46,,Organic / Pure Profit
2024-06-01,organic_search,2,49,5,0.102,360.58,2835.04,0.0,57.86,2835.04,,Organic / Pure Profit
2024-06-01,organic_search,3,49,2,0.0408,20.91,2855.95,0.0,58.28,2855.95,,Organic / Pure Profit
2025-04-01,organic_search,0,67,67,1.0,3544.01,3544.01,0.0,52.9,3544.01,,Organic / Pure Profit
2025-04-01,organic_search,1,67,5,0.0746,270.04,3814.05,0.0,56.93,3814.05,,Organic / Pure Profit
2025-04-01,organic_search,2,67,3,0.0448,155.15,3969.20,0.0,59.24,3969.2,,Organic / Pure Profit
2025-04-01,organic_search,3,67,2,0.0299,15.99,3985.19,0.0,59.48,3985.19,,Organic / Pure Profit
2025-12-01,creator_network,0,105,105,1.0,3519.83,3519.83,35.78,33.52,-237.07000000000016,0.94,Unrecovered Capital
2024-05-01,direct,0,37,37,1.0,2263.45,2263.45,0.0,61.17,2263.45,,Organic / Pure Profit
2024-05-01,direct,1,37,1,0.027,69.87,2333.32,0.0,63.06,2333.32,,Organic / Pure Profit
2024-05-01,direct,5,37,1,0.027,68.77,2402.09,0.0,64.92,2402.09,,Organic / Pure Profit
2024-09-01,direct,0,36,36,1.0,1870.73,1870.73,0.0,51.96,1870.73,,Organic / Pure Profit
2024-09-01,direct,1,36,2,0.0556,157.98,2028.71,0.0,56.35,2028.71,,Organic / Pure Profit
2024-09-01,direct,2,36,1,0.0278,39.80,2068.51,0.0,57.46,2068.51,,Organic / Pure Profit
2024-10-01,creator_network,0,76,76,1.0,2295.05,2295.05,30.21,30.2,-0.9099999999998545,1.0,Unrecovered Capital
2024-10-01,creator_network,1,76,7,0.0921,290.81,2585.86,30.21,34.02,289.9000000000001,1.13,Breakeven / Recovered
2024-10-01,creator_network,2,76,5,0.0658,60.04,2645.90,30.21,34.81,349.94000000000005,1.15,Breakeven / Recovered
2024-10-01,creator_network,3,76,5,0.0658,135.58,2781.48,30.21,36.6,485.52,1.21,Breakeven / Recovered
2025-02-01,creator_network,0,103,103,1.0,3096.31,3096.31,32.54,30.06,-255.30999999999995,0.92,Unrecovered Capital
2025-02-01,creator_network,1,103,11,0.1068,401.45,3497.76,32.54,33.96,146.14000000000033,1.04,Breakeven / Recovered
2025-02-01,creator_network,2,103,4,0.0388,107.92,3605.68,32.54,35.01,254.05999999999995,1.08,Breakeven / Recovered
2025-02-01,creator_network,3,103,5,0.0485,251.03,3856.71,32.54,37.44,505.09000000000015,1.15,Breakeven / Recovered
2025-02-01,creator_network,5,103,1,0.0097,46.75,3903.46,32.54,37.9,551.8400000000001,1.16,Breakeven / Recovered
2025-02-01,creator_network,6,103,1,0.0097,57.69,3961.15,32.54,38.46,609.5300000000002,1.18,Breakeven / Recovered
2025-07-01,direct,0,48,48,1.0,2419.47,2419.47,0.0,50.41,2419.47,,Organic / Pure Profit
2025-07-01,direct,2,48,6,0.125,346.87,2766.34,0.0,57.63,2766.34,,Organic / Pure Profit
2025-07-01,direct,3,48,1,0.0208,84.05,2850.39,0.0,59.38,2850.39,,Organic / Pure Profit
2025-07-01,direct,4,48,1,0.0208,67.57,2917.96,0.0,60.79,2917.96,,Organic / Pure Profit
2025-10-01,google_ads,0,179,179,1.0,9645.71,9645.71,46.72,53.89,1282.83,1.15,Breakeven / Recovered
2025-10-01,google_ads,1,179,17,0.095,925.13,10570.84,46.72,59.05,2207.960000000001,1.26,Breakeven / Recovered
2025-10-01,google_ads,2,179,12,0.067,809.83,11380.67,46.72,63.58,3017.790000000001,1.36,Breakeven / Recovered
2025-10-01,meta_ads,0,231,231,1.0,10481.98,10481.98,35.84,45.38,2202.9399999999987,1.27,Breakeven / Recovered
2025-10-01,meta_ads,1,231,15,0.0649,518.48,11000.46,35.84,47.62,2721.4199999999983,1.33,Breakeven / Recovered
2025-10-01,meta_ads,2,231,13,0.0563,582.19,11582.65,35.84,50.14,3303.6099999999988,1.4,Breakeven / Recovered
2024-03-01,google_ads,0,118,118,1.0,6533.81,6533.81,46.24,55.37,1077.4900000000007,1.2,Breakeven / Recovered
2024-03-01,google_ads,1,118,12,0.1017,654.19,7188.00,46.24,60.92,1731.6800000000003,1.32,Breakeven / Recovered
2024-03-01,google_ads,2,118,10,0.0847,424.16,7612.16,46.24,64.51,2155.84,1.4,Breakeven / Recovered
2024-03-01,google_ads,3,118,4,0.0339,141.38,7753.54,46.24,65.71,2297.2200000000003,1.42,Breakeven / Recovered
2024-03-01,google_ads,5,118,1,0.0085,66.92,7820.46,46.24,66.28,2364.1400000000003,1.43,Breakeven / Recovered
2024-03-01,meta_ads,0,155,155,1.0,6538.22,6538.22,39.76,42.18,375.4200000000001,1.06,Breakeven / Recovered
2024-03-01,meta_ads,1,155,12,0.0774,622.16,7160.38,39.76,46.2,997.5799999999999,1.16,Breakeven / Recovered
2024-03-01,meta_ads,2,155,8,0.0516,468.30,7628.68,39.76,49.22,1465.88,1.24,Breakeven / Recovered
2024-03-01,meta_ads,3,155,3,0.0194,191.18,7819.86,39.76,50.45,1657.0599999999995,1.27,Breakeven / Recovered
2024-03-01,meta_ads,5,155,3,0.0194,121.71,7941.57,39.76,51.24,1778.7699999999995,1.29,Breakeven / Recovered
2024-03-01,meta_ads,7,155,1,0.0065,42.30,7983.87,39.76,51.51,1821.0699999999997,1.3,Breakeven / Recovered
2024-07-01,google_ads,0,116,116,1.0,5714.64,5714.64,44.44,49.26,559.6000000000004,1.11,Breakeven / Recovered
2024-07-01,google_ads,1,116,5,0.0431,344.53,6059.17,44.44,52.23,904.1300000000001,1.18,Breakeven / Recovered
2024-07-01,google_ads,2,116,6,0.0517,129.34,6188.51,44.44,53.35,1033.4700000000003,1.2,Breakeven / Recovered
2024-07-01,google_ads,3,116,3,0.0259,163.87,6352.38,44.44,54.76,1197.3400000000001,1.23,Breakeven / Recovered
2024-07-01,google_ads,4,116,3,0.0259,164.03,6516.41,44.44,56.18,1361.37,1.26,Breakeven / Recovered
2024-07-01,google_ads,5,116,2,0.0172,20.90,6537.31,44.44,56.36,1382.2700000000004,1.27,Breakeven / Recovered
2024-07-01,meta_ads,0,167,167,1.0,7257.51,7257.51,37.99,43.46,913.1800000000003,1.14,Breakeven / Recovered
2024-07-01,meta_ads,1,167,13,0.0778,613.49,7871.00,37.99,47.13,1526.67,1.24,Breakeven / Recovered
2024-07-01,meta_ads,2,167,6,0.0359,185.80,8056.80,37.99,48.24,1712.4700000000003,1.27,Breakeven / Recovered
2024-07-01,meta_ads,3,167,5,0.0299,226.65,8283.45,37.99,49.6,1939.1200000000008,1.31,Breakeven / Recovered
2024-07-01,meta_ads,4,167,1,0.006,59.80,8343.25,37.99,49.96,1998.92,1.32,Breakeven / Recovered
2024-07-01,meta_ads,5,167,1,0.006,31.32,8374.57,37.99,50.15,2030.2399999999998,1.32,Breakeven / Recovered
2024-07-01,meta_ads,6,167,1,0.006,34.72,8409.29,37.99,50.36,2064.960000000001,1.33,Breakeven / Recovered
2024-07-01,meta_ads,8,167,1,0.006,62.70,8471.99,37.99,50.73,2127.66,1.34,Breakeven / Recovered
2024-08-01,google_ads,0,129,129,1.0,7410.87,7410.87,44.58,57.45,1660.0500000000002,1.29,Breakeven / Recovered
2024-08-01,google_ads,1,129,7,0.0543,301.35,7712.22,44.58,59.78,1961.4000000000005,1.34,Breakeven / Recovered
2024-08-01,google_ads,2,129,12,0.093,626.79,8339.01,44.58,64.64,2588.1900000000005,1.45,Breakeven / Recovered
2024-08-01,google_ads,3,129,2,0.0155,91.51,8430.52,44.58,65.35,2679.7000000000007,1.47,Breakeven / Recovered
2024-08-01,google_ads,4,129,4,0.031,339.83,8770.35,44.58,67.99,3019.5300000000007,1.53,Breakeven / Recovered
2024-08-01,google_ads,5,129,1,0.0078,84.29,8854.64,44.58,68.64,3103.8199999999997,1.54,Breakeven / Recovered
2024-08-01,google_ads,6,129,1,0.0078,56.53,8911.17,44.58,69.08,3160.3500000000004,1.55,Breakeven / Recovered
2024-08-01,meta_ads,0,177,177,1.0,7755.69,7755.69,36.16,43.82,1355.37,1.21,Breakeven / Recovered
2024-08-01,meta_ads,1,177,12,0.0678,614.82,8370.51,36.16,47.29,1970.1900000000005,1.31,Breakeven / Recovered
2024-08-01,meta_ads,2,177,6,0.0339,326.41,8696.92,36.16,49.14,2296.6000000000004,1.36,Breakeven / Recovered
2024-08-01,meta_ads,3,177,7,0.0395,354.52,9051.44,36.16,51.14,2651.120000000001,1.41,Breakeven / Recovered
2024-08-01,meta_ads,4,177,2,0.0113,19.78,9071.22,36.16,51.25,2670.8999999999996,1.42,Breakeven / Recovered
2024-08-01,meta_ads,5,177,2,0.0113,85.65,9156.87,36.16,51.73,2756.550000000001,1.43,Breakeven / Recovered
2024-12-01,google_ads,0,145,145,1.0,7792.04,7792.04,48.35,53.74,781.29,1.11,Breakeven / Recovered
2024-12-01,google_ads,1,145,8,0.0552,539.26,8331.30,48.35,57.46,1320.5499999999993,1.19,Breakeven / Recovered
2024-12-01,google_ads,2,145,10,0.069,541.79,8873.09,48.35,61.19,1862.3400000000001,1.27,Breakeven / Recovered
2024-12-01,google_ads,3,145,4,0.0276,285.09,9158.18,48.35,63.16,2147.4300000000003,1.31,Breakeven / Recovered
2024-12-01,google_ads,4,145,1,0.0069,35.51,9193.69,48.35,63.4,2182.9400000000005,1.31,Breakeven / Recovered
2024-12-01,google_ads,6,145,1,0.0069,72.14,9265.83,48.35,63.9,2255.08,1.32,Breakeven / Recovered
2024-12-01,meta_ads,0,212,212,1.0,8508.67,8508.67,40.96,40.14,-174.85000000000036,0.98,Unrecovered Capital
2024-12-01,meta_ads,1,212,17,0.0802,499.63,9008.30,40.96,42.49,324.77999999999884,1.04,Breakeven / Recovered
2024-12-01,meta_ads,2,212,14,0.066,586.73,9595.03,40.96,45.26,911.5100000000002,1.1,Breakeven / Recovered
2024-12-01,meta_ads,3,212,4,0.0189,189.76,9784.79,40.96,46.15,1101.2700000000004,1.13,Breakeven / Recovered
2024-12-01,meta_ads,4,212,1,0.0047,25.25,9810.04,40.96,46.27,1126.5200000000004,1.13,Breakeven / Recovered
2024-12-01,meta_ads,5,212,2,0.0094,110.86,9920.90,40.96,46.8,1237.3799999999992,1.14,Breakeven / Recovered
2025-05-01,creator_network,0,86,86,1.0,2934.87,2934.87,34.55,34.13,-36.43000000000029,0.99,Unrecovered Capital
2025-05-01,creator_network,1,86,8,0.093,263.92,3198.79,34.55,37.2,227.48999999999978,1.08,Breakeven / Recovered
2025-05-01,creator_network,2,86,5,0.0581,52.50,3251.29,34.55,37.81,279.9899999999998,1.09,Breakeven / Recovered
2025-05-01,creator_network,3,86,1,0.0116,33.43,3284.72,34.55,38.19,313.4199999999996,1.11,Breakeven / Recovered
2025-09-01,google_ads,0,198,198,1.0,11384.53,11384.53,42.47,57.5,2975.470000000001,1.35,Breakeven / Recovered
2025-09-01,google_ads,1,198,14,0.0707,839.20,12223.73,42.47,61.74,3814.67,1.45,Breakeven / Recovered
2025-09-01,google_ads,2,198,8,0.0404,543.68,12767.41,42.47,64.48,4358.35,1.52,Breakeven / Recovered
2025-09-01,google_ads,3,198,5,0.0253,305.06,13072.47,42.47,66.02,4663.41,1.55,Breakeven / Recovered
2025-09-01,meta_ads,0,210,210,1.0,9031.88,9031.88,37.32,43.01,1194.6799999999994,1.15,Breakeven / Recovered
2025-09-01,meta_ads,1,210,15,0.0714,810.31,9842.19,37.32,46.87,2004.9900000000007,1.26,Breakeven / Recovered
2025-09-01,meta_ads,2,210,7,0.0333,278.15,10120.34,37.32,48.19,2283.1400000000003,1.29,Breakeven / Recovered
2025-09-01,meta_ads,3,210,6,0.0286,145.98,10266.32,37.32,48.89,2429.12,1.31,Breakeven / Recovered
2025-11-01,google_ads,0,185,185,1.0,9997.40,9997.40,50.39,54.04,675.25,1.07,Breakeven / Recovered
2025-11-01,google_ads,1,185,17,0.0919,867.15,10864.55,50.39,58.73,1542.3999999999996,1.17,Breakeven / Recovered
2025-11-01,meta_ads,0,238,238,1.0,9520.49,9520.49,35.96,40.0,962.0100000000002,1.11,Breakeven / Recovered
2025-11-01,meta_ads,1,238,15,0.063,564.35,10084.84,35.96,42.37,1526.3600000000006,1.18,Breakeven / Recovered
